class,confidence
Benign,0.9919811487197876
Malignant,0.008018902502954006
