class,confidence
Benign,0.49458372592926025
Malignant,0.5054162740707397
