class,confidence
Benign,0.5145363807678223
Malignant,0.48546361923217773
