class,confidence
Benign,0.4970052242279053
Malignant,0.5029947757720947
