class,confidence
Benign,0.4845617413520813
Malignant,0.5154382586479187
