class,confidence
Benign,0.9200613498687744
Malignant,0.079938605427742
